tier,playerid,first,last,address,city,st,zip,plr_email,plr_bmnth,plr_bday,plr_byear,plr_gender,plr_phone,plr_cellnu,plr_points,plr_visits
"Basic Players (0)",1801204225,Ashley,Devore,"33300 Albion Ridge Rd",Albion,CA,95410-9759,,4,21,86,F,619-381-3470,,94,1
"Basic Players (0)",1801211122,Roberto,"Lopez Y Ocana G","PO Box 63",Boonville,CA,95415-0063,,8,24,83,M,,,21,1
"Basic Players (0)",1801205873,Tiffany,Hobbs,"PO Box 212",Boonville,CA,95415-0212,,7,8,81,F,7074892992,,12,1
"Basic Players (0)",1801063651,Lori,Tyler,"PO Box 463",Boonville,CA,95415-0463,,4,22,68,F,701-1706,,4,1
"Basic Players (0)",1801088473,Richie,Wellington,"PO Box 503",Boonville,CA,95415-0503,,7,31,64,M,,,30,1
"Basic Players (0)",1801211959,Rafael,Malfavon-sandov,"PO Box 1034",Boonville,CA,95415-1034,,6,3,74,M,,,87,2
"Basic Players (0)",1801211936,Georgia,Stone,"PO Box 1043",Boonville,CA,95415-1043,,4,3,63,F,,,72,1
"Basic Players (0)",1801073389,Tamara,Miller,"PO Box 22","Clearlake Oaks",CA,95423-0022,,6,26,68,F,,,61,2
"Basic Players (0)",1801047273,Tammi,Duran,"PO Box 34","Clearlake Oks",CA,95423-0034,,4,5,64,F,,,94,6
"Basic Players (0)",1801022245,Dimple,Edwards,"PO Box 63","Clearlake Oks",CA,95423-0063,,3,19,53,F,,,121,3
"Basic Players (0)",1801212068,Paul,Townsel,"PO Box 83","Clearlake Oks",CA,95423-0083,,10,4,65,M,,,28,1
"Basic Players (0)",1801067781,William,Hard,"PO Box 93","Clearlake Oks",CA,95423-0093,,3,4,89,M,,,151,4
"Basic Players (0)",1801204456,Jennifer,Coulter,"PO Box 114","Clearlake Oaks",CA,95423-0114,anewchapteropens@gmail.com,11,5,76,F,,,597,10
"Basic Players (0)",1801035006,Erma,Cummings,"PO Box 128","Clearlake Oks",CA,95423-0128,,7,4,34,F,707-560-5107,,3,1
"Basic Top 600 (5)",1801013018,Gary,Moore,"PO Box 131","Clearlake Oks",CA,95423-0131,,11,14,33,M,,,1179,19
"Basic Players (0)",1801048441,Nahida,Sider,"PO Box 197","Clearlake Oks",CA,95423-0197,,10,10,56,F,,,170,4
"Basic Players (0)",1801055384,Carol,Mancini,"PO Box 206","Clearlake Oks",CA,95423-0206,,12,12,42,F,,,0,0
"Basic Top 600 (5)",1801039064,Douglas,Avery,"PO Box 251","Clearlake Oaks",CA,95423-0251,,4,26,60,M,,,755,86
"Basic Players (0)",1801046784,Patricia,Avery,"PO Box 251","Clearlake Oks",CA,95423-0251,,9,2,58,F,,,675,85
"Basic Players (0)",1801002734,Wendi,Bales,"PO Box 268","Clearlake Oaks",CA,95423-0268,,2,15,49,F,,,23,1
"Basic Players (0)",1801082614,Ralph,Boggs,"PO Box 386","Clearlake Oks",CA,95423-0386,,11,17,58,M,,,14,1
"Basic Top 600 (5)",1801013931,Peter,Sorci,"PO Box 390","Clearlake Oks",CA,95423-0390,automan39@juno.com,6,29,39,M,,,2014,11
"Basic Players (0)",1801006185,Michael,Ehrlich,"PO Box 464","Clearlake Oaks",CA,95423-0464,,2,17,73,M,,,0,0
"Basic Players (0)",1801211408,"Don F",Kaier,"PO Box 482","Clearlake Oks",CA,95423-0482,,7,7,48,M,,,64,1
"Basic Players (0)",1801061175,Robert,Elwood,"PO Box 533","Clearlake Oaks",CA,95423-0533,,10,29,52,M,707-841-7129,,370,6
"Basic Players (0)",1801098840,Robert,Norgrove,"PO Box 545","Clearlake Oks",CA,95423-0545,,6,23,52,M,707-474-2751,,36,3
"Basic Players (0)",1801008126,Victoria,Blas,"PO Box 548","Clearlake Oks",CA,95423-0548,,3,26,67,F,7073502392,,0,0
"Basic Top 600 (5)",1801034888,James,Gleeson,"PO Box 555","Clearlake Oks",CA,95423-0555,jamesdgleeson@yahoo.com,5,5,39,M,707490-8391,,771,82
"Basic Players (0)",1801044562,Rainie,Sypriano,"PO Box 572","Clearlake Oks",CA,95423-0572,,5,20,79,F,707-483-0635,,50,5
"Basic Players (0)",1801070857,Elvina,Brown,"PO Box 610","Clearlake Oks",CA,95423-0610,,5,17,86,F,,,13,2
"Basic Players (0)",1801097102,Connie,Armenta,"PO Box 612","Clearlake Oaks",CA,95423-0612,,7,4,57,F,,,0,0
"Basic Top 600 (5)",1801043209,Alfonso,Mascarenas,"PO Box 613","Clearlake Oks",CA,95423-0613,,3,2,65,M,367-3443,,904,2
"Basic Players (0)",1801002708,Arlene,Perez,"PO Box 615","Clearlake Oaks",CA,95423-0615,,4,6,68,F,707-925-4095,,331,2
"Basic Players (0)",1801001097,Jess,Perez,"PO Box 615","Clearlake Oks",CA,95423-0615,,2,4,35,M,,,3,1
"Basic Players (0)",1801023367,Judith,Nylander,"PO Box 645","Clearlake Oks",CA,95423-0645,,7,30,52,F,707-998-3778,,41,2
"Basic Players (0)",1801207588,Sean,Lansom,"PO Box 663","Clearlake Oks",CA,95423-0663,,8,3,74,M,,,20,1
"Basic Players (0)",1801034723,Joseph,Deffenbaugh,"PO Box 678","Clearlake Oks",CA,95423-0678,,11,10,46,M,,,149,1
"Basic Players (0)",1801030217,Thomas,Cowden,"PO Box 722","Clearlake Oks",CA,95423-0722,,4,22,64,M,,,0,0
"Basic Players (0)",1801095723,Aaron,Simonsen,"PO Box 732","Clearlake Oaks",CA,95423-0732,,5,24,85,M,707-483-7154,,92,5
"Basic Players (0)",1801204646,Shelly,Widman,"PO Box 742","Clearlake Oks",CA,95423-0742,,1,5,55,F,,,5,1
"Basic Players (0)",1801001907,Jerry,Clayton,"PO Box 744","Clearlake Oks",CA,95423-0744,,12,4,39,M,,,140,1
"Basic Players (0)",1801093329,Majella,Wilhelm,"PO Box 753","Clearlake Oks",CA,95423-0753,,11,17,45,F,,,253,2
"Basic Players (0)",1801011362,Robin,Grisso,"PO Box 863","Clearlake Oks",CA,95423-0863,nbsp,7,8,57,F,,,2,1
"Basic Players (0)",1801201539,Tonya,Daniels,"PO Box 886","Clearlake Oks",CA,95423-0886,,9,25,63,F,,,34,1
"Basic Players (0)",1801022150,Aron,Fulwood,"PO Box 888","Clearlake Oks",CA,95423-0888,,5,6,55,M,,,13,1
"Basic Players (0)",1801028952,David,Moore,"PO Box 893","Clearlake Oks",CA,95423-0893,rooster_1972@yahoo.com,2,14,62,M,,,475,27
"Basic Players (0)",1801021703,John,Nagy,"PO Box 894","Clearlake Oaks",CA,95423-0894,,9,20,48,M,,,459,2
"Basic Players (0)",1801045424,Dawn,Gaddy,"PO Box 954","Clearlake Oks",CA,95423-0954,,7,26,84,F,,,295,1
"Basic Players (0)",1801032172,James,Pillow,"PO Box 960","Clearlake Oks",CA,95423-0960,,9,29,27,M,,,2,1
"Basic Players (0)",1801072760,Thelma,Johnson,"PO Box 1031","Clearlake Oks",CA,95423-1031,,12,7,31,F,,,11,1
"Basic Players (0)",1801046703,Armando,Villarreal,"PO Box 1057","Clearlake Oks",CA,95423-1057,,10,6,83,M,,,4,1
"Basic Players (0)",1801201526,Kylie,Lampela,"PO Box 1126","Clearlake Oaks",CA,95423-1126,,4,30,98,F,,,7,1
"Basic Players (0)",1801201396,Kayla,Lampela,"PO Box 1126","Clearlake Oks",CA,95423-1126,,4,30,98,F,,,5,1
"Basic Players (0)",1801212032,Catherine,Farley,"PO Box 1144","Clearlake Oks",CA,95423-1144,,12,30,64,F,,,16,1
"Basic Players (0)",1801067475,Kimberly,Bauer,"PO Box 1198","Clearlake Oks",CA,95423-1198,,7,19,89,F,,,23,2
"Basic Players (0)",1801039594,Margaret,Jones,"PO Box 1234","Clearlake Oks",CA,95423-1234,,7,15,64,F,,,95,2
"Basic Players (0)",1801009742,Rowall,Welch,"PO Box 1313","Clearlake Oks",CA,95423-1313,,4,6,42,M,,,18,2
"Basic Players (0)",1801055729,Sabrina,Ford,"PO Box 1337","Clearlake Oks",CA,95423-1337,,3,3,88,F,,,12,3
"Basic Players (0)",1801088869,Patricia,Ives,"PO Box 1354","Clearlake Oks",CA,95423-1354,,6,5,58,F,,,128,3
"Basic Players (0)",1801054475,Jeffrey,Gardner,"PO Box 1395","Clearlake Oks",CA,95423-1395,,6,15,60,M,,,6,1
"Basic Players (0)",1801007559,Chris,Cravalho,"PO Box 1423","Clearlake Oks",CA,95423-1423,,3,30,56,M,707-295-2949,,83,3
"Basic Players (0)",1801021340,Aniece,Monsibais,"PO Box 1424","Clearlake Oaks",CA,95423-1424,,5,22,73,F,,,5,1
"Basic Players (0)",1801074691,Brian,Wheeldin,"PO Box 1424","Clearlake Oks",CA,95423-1424,,5,10,46,M,,,0,0
"Basic Players (0)",1801076514,Tanya,Day,"PO Box 1446","Clearlake Oks",CA,95423-1446,tanya.day@blueshieldca.com,6,27,56,F,,,64,2
"Basic Players (0)",1801083180,Dennis,Warner,"PO Box 1490","Clearlake Oks",CA,95423-1490,,2,12,93,M,,,17,4
"Basic Players (0)",1801211132,Konoten,Geary,"PO Box 1506","Clearlake Oks",CA,95423-1506,,2,27,98,,,,30,1
"Basic Players (0)",1801210713,Elizabeth,Hunter,"PO Box 1532","Clearlake Oks",CA,95423-1532,,9,8,65,F,,,38,1
"Basic Players (0)",1801050194,Charles,Martin,"PO Box 1549","Clearlake Oaks",CA,95423-1549,,5,10,37,M,,,0,0
"Basic Players (0)",1801029457,Kevin,Osburn,"PO Box 1615","Clearlake Oks",CA,95423-1615,,8,14,57,M,,,78,2
"Basic Players (0)",1801061907,Gary,Muelrath,"PO Box 1692","Clearlake Oks",CA,95423-1692,,11,4,41,M,,,11,1
"Basic Players (0)",1801044549,Duane,Garner,"PO Box 1701","Clearlake Oks",CA,95423-1701,,10,1,51,M,,,15,1
"Basic Players (0)",1801031396,Nicole,Montpetit-alden,"PO Box 1703","Clearlake Oks",CA,95423-1703,,5,10,51,F,,,2,1
"Basic Players (0)",1801090310,Eric,Zarr,"PO Box 1821","Clearlake Oks",CA,95423-1821,,9,10,76,M,,,128,40
"Basic Players (0)",1801098829,Shaunara,Pannyasy,"PO Box 1822","Clearlake Oaks",CA,95423-1822,,10,2,97,F,,,305,13
"Basic Top 600 (5)",1801076978,Quinn,Watts,"PO Box 1822","Clearlake Oks",CA,95423-1822,qwatts@musician.org,8,24,79,M,,,1907,31
"Basic Players (0)",1801000602,Delores,Fehrmann,"PO Box 1883","Clearlake Oks",CA,95423-1883,,3,15,37,F,707-998-4390,,119,10
"Basic Players (0)",1801018997,Richard,Hix,"PO Box 1912","Clearlake Oks",CA,95423-1912,,10,27,57,M,,,28,1
"Basic Players (0)",1801046226,Joseph,Habshi,"PO Box 1926","Clearlake Oks",CA,95423-1926,,5,23,64,M,,,72,1
"Basic Players (0)",1801041274,Gary,Sholl,"PO Box 1938","Clearlake Oks",CA,95423-1938,,6,11,40,M,,,95,6
"Basic Players (0)",1801019268,Jackie,Smith,"12890 Oak Knoll Ave Unit B","Clearlake Oks",CA,95423-8202,JACKIEELLN@LIVE.COM,12,24,58,F,,,91,1
"Basic Players (0)",1801078747,Victor,Rodin,"11961 Widgeon Way","Clearlake Oks",CA,95423-8308,,11,25,64,M,,,4,1
"Basic Players (0)",1801060325,Dennis,Whitlow,"11810 E Highway 20","Clearlake Oks",CA,95423-8309,,5,12,55,M,,,0,0
"Basic Players (0)",1801085577,Dennis,Pluth,"1070 Sulphur Bank Dr","Clearlake Oks",CA,95423-8314,,2,4,36,M,,,587,2
"Basic Players (0)",1801029070,Kenneth,Taddie,"9945 E Highway 20","Clearlake Oks",CA,95423-8323,,10,29,48,M,,,221,2
"Basic Players (0)",1801063581,John,Mcgrath,"10660 E Highway 20","Clearlake Oks",CA,95423-8332,,2,13,63,M,,,349,7
"Basic Players (0)",1801021753,Mechelle,Finney,"12522 E Highway 20","Clearlake Oks",CA,95423-8335,,1,23,67,F,707-245-9087,,127,2
"Basic Players (0)",1801203651,Gilbert,Mccreath,"12509 Shady Ln","Clearlake Oks",CA,95423-8358,,12,2,59,M,,,248,2
"Basic Players (0)",1801211443,Gracie,Spooner,"12520 Shady Ln","Clearlake Oks",CA,95423-8358,,10,17,59,,,,10,1
"Basic Players (0)",1801044351,Melissa,Weatherly,"12742 Oakgrove Ave","Clearlake Oks",CA,95423-8375,,9,12,67,F,,,45,2
"Basic Players (0)",1801040992,"Rocky L",Ward,"12395 Pine St","Clearlake Oaks",CA,95423-8387,,7,16,59,M,,,10,2
"Basic Players (0)",1801206653,Veronika,Miller,"12395 Pine St","Clearlake Oks",CA,95423-8387,,8,20,61,F,,,13,2
"Basic Players (0)",1801066863,Megan,Barry,"11769 Konocti Dr","Clearlake Oks",CA,95423-8392,mbarry5@mail.csuchico.edu,7,13,66,F,,,528,15
"Basic Players (0)",1801081027,John,Alameda,"9850 E Highway 20 Spc 12","Clearlake Oks",CA,95423-8421,,3,23,84,M,707-461-9103,,238,2
"Basic Players (0)",1801070726,Barbara,Passwaters,"11650 High Valley Rd","Clearlake Oks",CA,95423-8528,,9,16,61,F,,,452,1
"Basic Players (0)",1801097752,Bryan,Schwartz,"2000 Spring Valley Rd","Clearlake Oks",CA,95423-8533,,12,1,68,M,,,17,1
"Basic Players (0)",1801099193,Monica,Hui,"14229 Mcbride Ct","Clearlake Oks",CA,95423-8538,,4,21,53,F,,,253,58
"Basic Players (0)",1801062845,Michael,Potter,"14239 Mcbride Ct","Clearlake Oaks",CA,95423-8538,michaelpotter07@gmail.com,6,5,65,M,916-298-6844,,675,14
"Basic Players (0)",1801012089,Shaun,Hottel,"400 Sulphur Bank Dr Spc 11","Clearlake Oks",CA,95423-8552,,11,26,80,M,,7072955412,264,6
"Basic Players (0)",1801091607,Cheri,Bazor,"400 Sulphur Bank Dr Spc 13","Clearlake Oks",CA,95423-8552,,11,23,58,F,350-0899,,269,61
"Basic Top 600 (5)",1801014653,Janice,Hillyard,"400 Sulphur Bank Dr Spc 17","Clearlake Oks",CA,95423-8553,,10,4,37,F,707-274-6717,,1245,63
"Basic Players (0)",1801013064,Alice,Whitbeck,"400 Sulphur Bank Dr Spc 58","Clearlake Oks",CA,95423-8555,,11,2,39,F,,,277,17
"Basic Players (0)",1801074069,Reginald,Moss,"400 Sulphur Bank Dr Spc 77","Clearlake Oks",CA,95423-8557,,6,20,83,M,,,27,2
"Basic Top 600 (5)",1801091606,Larry,Bazor,"400 Sulphur Bank Dr Spc 136","Clearlake Oks",CA,95423-8561,,2,22,51,M,350-8099,,1326,65
"Basic Players (0)",1801042077,Phillip,Rayman,"400 Sulphur Bank Dr Spc 148","Clearlake Oks",CA,95423-8562,,10,4,45,M,,,15,4
"Basic Players (0)",1801002668,Azella,Rehe,"12600 Foot Hill Blvd","Clearlake Oks",CA,95423-8900,,6,1,37,F,,,398,3
"Basic Players (0)",1801056588,Denise,Nash,"2122 River View Rd","Clearlake Oks",CA,95423-9008,,5,25,68,F,,,13,2
"Basic Players (0)",1801206444,Dawn,Radovan,"2707 River View Rd","Clearlake Oks",CA,95423-9012,,4,27,70,F,,,52,1
"Basic Players (0)",1801034873,Janis,Geib,"2772 River View Rd","Clearlake Oks",CA,95423-9012,,3,2,47,F,,,554,1
"Basic Players (0)",1801200039,Lisa,"Von Derwies","2867 Shasta Rd","Clearlake Oks",CA,95423-9013,,8,13,66,F,,,233,17
"Basic Players (0)",1801210647,Franklin,Rockwell,"500 Del Way","Clearlake Oks",CA,95423-9017,,12,2,97,M,,,31,2
"Basic Players (0)",1801088292,Jacob,Bogner,"12285 High Valley Rd","Clearlake Oks",CA,95423-9324,,3,14,81,M,,,1,1
"Basic Players (0)",1801098055,Andrew,Levine,"2453 New Long Valley Rd","Clearlake Oks",CA,95423-9345,,11,21,78,M,,,30,1
"Basic Players (0)",1801205673,Mariah,Bickham,"15605 E Highway 20","Clearlake Oks",CA,95423-9355,,2,2,99,F,,,31,3
"Basic Players (0)",1801211929,Treyvon,Jones,"12725 E Highway 20","Clearlake Oks",CA,95423-9397,,9,25,99,M,,,42,2
"Basic Players (0)",1801007492,Raccheli,Austin,"16710 Fox Way","Clearlake Oks",CA,95423-9406,,2,20,73,F,,,116,5
"Basic Players (0)",1801211309,"Oscar Lawrence",Sager,"16060 Quail Trl","Clearlake Oaks",CA,95423-9410,,12,2,49,M,,,15,1
"Basic Players (0)",1801080251,Daniel,Larue,"2765 Larches Way","Clearlake Oks",CA,95423-9514,,6,8,80,M,,,35,5
"Basic Players (0)",1801211425,Dana,Gill,"2836 Spring Valley Rd","Clearlake Oks",CA,95423-9518,,2,8,61,F,,,18,1
"Basic Players (0)",1801059632,Rachel,Alexander,"3370 Osage Way","Clearlake Oks",CA,95423-9537,Rachela.69@hotmail.com,4,9,84,F,,,314,1
"Basic Players (0)",1801059045,Darren,Akins,"16347 Pueblo Trl","Clearlake Oks",CA,95423-9540,AKINS-DARREN@YAHOO.COM,5,28,67,M,,,188,5
"Basic Players (0)",1801031256,Roy,Gathwright,"16535 Miwok Trl","Clearlake Oks",CA,95423-9544,,11,6,40,M,,,27,4
"Basic Players (0)",1801060249,Judith,Harrison,"16540 Miwok Trl","Clearlake Oks",CA,95423-9544,,9,18,43,F,707-481-0156,,76,1
"Basic Top 600 (5)",1801018958,Oren,Casteel,"2942 Shasta Rd","Clearlake Oks",CA,95423-9545,orenwaynecasteel1gmail.c0m,12,24,41,M,,,1233,19
"Basic Players (0)",1801201272,Jamie,Athas,"17610 Golden Rod Way","Clearlake Oks",CA,95423-9552,,6,22,70,F,9162257063,,5,1
"Basic Players (0)",1801203765,Dana,Fields,"2530 Pawnee Trl","Clearlake Oks",CA,95423-9557,,1,25,94,F,909-206-8123,,2,1
"Basic Players (0)",1801098522,Nathan,Greer,"2921 Meadow Creek Rd","Clearlake Oks",CA,95423-9562,,11,13,62,M,510-432-7852,,75,2
"Basic Top 600 (5)",1801022285,Fuzzy,Fosnot,"3337 Wolf Creek Rd","Clearlake Oks",CA,95423-9569,,2,21,35,M,,,789,5
"Basic Players (0)",1801099855,Tenneal,Valenzuela,"12511 Foot Hill Blvd","Clearlake Oks",CA,95423-9605,,2,10,77,F,,,0,0
"Basic Players (0)",1801010092,Ronald,Henry,"14780 E Highway 20","Clearlake Oks",CA,95423-9629,,11,27,48,M,7079984790,,618,4
"Basic Players (0)",1801012519,Cheryl,Christian,"16646 E Highway 20","Clearlake Oaks",CA,95423-9640,,2,22,46,F,,,93,1
"Basic Players (0)",1801048787,Roger,Brand,"2133 New Long Valley Rd","Clearlake Oks",CA,95423-9649,,5,7,48,M,,,302,11
"Basic Players (0)",1801081182,Jeremy,Klemish,"17004 Acacia Way","Clearlake Oks",CA,95423-9653,,1,12,71,M,,,34,2
"Basic Players (0)",1801204879,Lucy,Vasquez,"17317 Dogwood Way","Clearlake Oaks",CA,95423-9658,,9,8,58,F,,,17,1
"Basic Players (0)",1801066063,Donald,Spiker,"13805 Peach Cir","Clearlake Oks",CA,95423-9668,,11,24,58,M,,,130,1
"Basic Players (0)",1801098849,Shane,Smith,"13983 Apple Ln","Clearlake Oks",CA,95423-9681,,7,10,90,M,,,38,2
"Basic Players (0)",1801084105,Guadalupe,Gongora,"13905 Walnut Way","Clearlake Oks",CA,95423-9690,,2,13,55,F,,,31,1
"Basic Players (0)",1801055538,Christopher,Hallsted,"14034 Chestnut Ln","Clearlake Oks",CA,95423-9698,,4,28,76,M,,,37,1
"Basic Top 600 (5)",1801078740,Calvin,Barnett,"14064 Chestnut Ln","Clearlake Oks",CA,95423-9699,clvnwlkr30@gmail.com,2,5,94,M,7072954819,,798,6
"Basic Players (0)",1801044561,John,Sypriano,"General Delivery","Clearlake Oks",CA,95423-9999,,4,5,51,M,,,389,7
"Basic Top 600 (5)",1801087482,Charles,Alameda,"PO Box 282",Comptche,CA,95427-0282,,1,15,59,M,707-513-0344,,2147,33
"Basic Players (0)",1801204678,Garry,Hill,"PO Box 396",Comptche,CA,95427-0396,nbsp,1,23,60,M,,,182,2
"Basic Players (0)",1801205318,Ryan,Dunlap,"PO Box 441",Comptche,CA,95427-0441,,8,25,77,M,,,63,1
"Basic Players (0)",1801097491,Emmaline,Quilt,"PO Box 92",Covelo,CA,95428-0092,,9,21,74,F,,,256,3
"Basic Players (0)",1801205272,Shayla,Guerrero,"PO Box 142",Covelo,CA,95428-0142,nbsp,5,2,89,F,,,449,5
"Basic Players (0)",1801012420,Michelle,Downey,"PO Box 294",Covelo,CA,95428-0294,,12,21,67,F,,,30,3
"Basic Players (0)",1801201710,Beatrice,Lincoln,"PO Box 311",Covelo,CA,95428-0311,,2,25,83,F,,,82,1
"Basic Players (0)",1801028374,Colleen,Downey,"PO Box 416",Covelo,CA,95428-0416,,3,10,70,F,,,8,1
"Basic Players (0)",1801203205,Ronald,"Lincoln- Sr","PO Box 452",Covelo,CA,95428-0452,,3,26,49,M,,,118,2
"Basic Players (0)",1801209842,Amber,Sallinen,"PO Box 643",Covelo,CA,95428-0643,nbsp,2,26,94,F,,,9,3
"Basic Players (0)",1801009521,Linda,Pete,"PO Box 763",Covelo,CA,95428-0763,,4,12,47,F,,,29,2
"Basic Players (0)",1801042343,Tania,Mota,"PO Box 800",Covelo,CA,95428-0800,,2,13,66,F,,,11,1
"Basic Players (0)",1801209871,Kennedy,Case,"PO Box 1030",Covelo,CA,95428-1030,,9,20,99,F,,,37,1
"Basic Players (0)",1801066896,June,Anderson,"PO Box 1040",Covelo,CA,95428-1040,,8,25,88,F,,,231,7
"Basic Players (0)",1801211455,Michelle,Lincoln,"77826 Covelo Rd",Covelo,CA,95428-9552,,2,16,19,,,,10,1
"Basic Top 600 (5)",1801030932,Sylvia,Brumley,"23180 Henderson Rd",Covelo,CA,95428-9664,,12,29,44,F,,,745,2
"Basic Players (0)",1801076091,Lewis,Lincoln,"22450 Henderson Rd",Covelo,CA,95428-9748,llincoln27@hotmail.com,12,1,79,M,,,337,1
"Basic Players (0)",1801014468,Debbie,Azbill,"102 Biggar Ln",Covelo,CA,95428-9762,,4,25,65,F,,,37,1
"Basic Players (0)",1801058390,Amy,Brooks,"PO Box 190",Fulton,CA,95439-0190,xa7276@gmail.com,6,7,72,F,,,15,2
"Basic Players (0)",1801200254,Rhonda,Oceguera,"PO Box 301",Fulton,CA,95439-0301,nbsp,6,2,68,F,,,43,4
"Basic Players (0)",1801212054,Michael,Frey,"PO Box 575",Fulton,CA,95439-0575,,9,20,61,M,,,18,4
"Basic Players (0)",1801083364,Derek,Smith,"2730 Fulton Rd",Fulton,CA,95439-8816,,9,14,61,M,,,84,2
"Basic Players (0)",1801210471,Barbara,Trask,"PO Box 52",Geyserville,CA,95441-0052,,11,19,61,F,,,0,0
"Basic Players (0)",1801211819,Carol,Georg,"PO Box 243",Geyserville,CA,95441-0243,,11,29,49,F,,,74,1
"Basic Players (0)",1801088705,Alicia,Bustamante,"PO Box 584",Geyserville,CA,95441-0584,,7,15,58,F,,,138,3
"Basic Players (0)",1801097965,Don,Robinson,"650 Tzabaco Creek Rd",Geyserville,CA,95441-9562,,5,13,73,M,,,58,1
"Basic Top 600 (5)",1801029801,Robert,Rudy,"PO Box 10",Glenhaven,CA,95443-0010,-8888-@,4,8,55,M,,,802,15
"Basic Players (0)",1801059363,Mark,Mckean,"PO Box 15",Glenhaven,CA,95443-0015,,9,29,56,M,,,75,2
"Basic Players (0)",1801083727,Gregory,Hulliger,"PO Box 28",Glenhaven,CA,95443-0028,,4,29,55,M,707-513-8402,,647,36
"Basic Players (0)",1801054591,Kimberli,Waterbury,"PO Box 39",Glenhaven,CA,95443-0039,,2,1,70,F,707-326-7729,,105,4
"Basic Players (0)",1801031052,Joe,Cruz,"PO Box 44",Glenhaven,CA,95443-0044,,11,14,58,M,707-295-9464,,2,1
"Basic Players (0)",1801022298,Star,Harkavey,"PO Box 48",Glenhaven,CA,95443-0048,sharka@mchsi.com,1,5,45,F,,,57,3
"Basic Players (0)",1801000620,Elzena,Goodell,"PO Box 54",Glenhaven,CA,95443-0054,,1,13,36,F,,,103,1
"Basic Players (0)",1801094548,Courtland,Moody,"PO Box 67",Glenhaven,CA,95443-0067,,12,5,58,M,,,43,3
"Basic Players (0)",1801210629,Susan,Kelley,"PO Box 73",Glenhaven,CA,95443-0073,,9,27,59,F,,,12,1
"Basic Players (0)",1801082731,Amy,Kenyon,"PO Box 95",Glenhaven,CA,95443-0095,,7,1,91,F,,,5,1
"Basic Players (0)",1801060710,Andrew,Iannuzzi,"PO Box 113",Glenhaven,CA,95443-0113,andrewiannuzzi@gmail.com,7,24,88,M,707-245-1181,,23,2
"Basic Players (0)",1801045990,Donald,Dixon,"PO Box 117",Glenhaven,CA,95443-0117,,9,6,64,M,,,152,1
"Basic Players (0)",1801211135,Cynthia,Monreal,"PO Box 129",Glenhaven,CA,95443-0129,,9,19,36,F,,,0,1
"Basic Players (0)",1801063013,Norlin,Anderson,"PO Box 141",Glenhaven,CA,95443-0141,,4,11,62,M,7073504490,,17,1
"Basic Players (0)",1801068600,Cheryl,Ford,"PO Box 155",Glenhaven,CA,95443-0155,,5,28,69,F,707-701-1070,,37,3
"Basic Players (0)",1801211828,Brigitte,Rodriguez,"PO Box 406",Glenhaven,CA,95443-0406,,7,22,63,F,,,60,1
"Basic Players (0)",1801061733,Sharon,Bodostain,"PO Box 613",Glenhaven,CA,95443-0613,,9,3,46,F,,,155,1
"Basic Players (0)",1801002896,Timothy,Beery,"PO Box 622",Glenhaven,CA,95443-0622,,11,12,43,M,,,181,1
"Basic Players (0)",1801011503,Henry,Petersen,"PO Box 643",Glenhaven,CA,95443-0643,,4,27,39,M,,,12,2
"Basic Players (0)",1801002487,Dorothy,Pickard,"PO Box 664",Glenhaven,CA,95443-0664,,1,10,44,F,,,78,2
