tier,playerid,first,last,address,city,st,zip,plr_email,plr_bmnth,plr_bday,plr_byear,plr_gender,plr_phone,plr_cellnu,plr_points,plr_visits
"Basic Players (0)",1801025097,JULIUS,MAXIMUS,"PO Box 13",Boonville,CA,95415-0013,,11,13,64,F,,,373,2
"Basic Players (0)","220 25th",second,test,"220 - 25th Street","Del Mar",CA,92014,,,,,,,,,
"Basic Players (0)",1801033570,some,test,"13201 Lamplite Lane",Lakeside,CA,92040,,11,3,57,f,,,,
,1801098054,foo,bar,"12453 Damasco Ct.","San Diego",CA,92128-1308,,3,14,81,f,,,,
"Mr. Jack Michael Shine (TTEE)","Mr. Shine",,"2036 Acacia","2036 Acacia Drive","San Marcos",CA,92078-1111,,Acacia,,,,,,,"2036 Acacia"
